<?xml version="1.0" encoding="utf-8"?>
<!--/338243/522594/2.49/6/4/Transformer/-->
<quadcept_library>
  <setting unit="mil" />
  <textstyle name="Default" height="47.244094488189" strokewidth="7.8740157480315" charwidth="47.244094488189" />
  <textstyle name="Dimension" height="19.6850393700787" strokewidth="0" charwidth="19.6850393700787" />
  <textstyle name="H127W0635TH00762" height="50" strokewidth="3" charwidth="25" />
  <textstyle name="H15W15TH02" height="59.0551181102362" strokewidth="7.8740157480315" charwidth="59.0551181102362" />
  <padstyle name="c150_h100" surface="False" plated="True" isvia="False" nopaste="True" nomask="True" complex="False" holesize="39.370078740157">
    <padshape layer="TOP" shape="round" width="59.055118110235" height="59.055118110235" />
    <padshape layer="TOP_SOLDER_MASK" shape="round" width="66.929133858267" height="66.929133858267" />
    <padshape layer="INNER" shape="round" width="59.055118110235" height="59.055118110235" />
    <padshape layer="BOTTOM" shape="round" width="59.055118110235" height="59.055118110235" />
    <padshape layer="BOTTOM_SOLDER_MASK" shape="round" width="66.929133858267" height="66.929133858267" />
  </padstyle>
  <footprint name="VC10118" originx="0" originy="0" pickpointx="0" pickpointy="0">
    <pcbpin number="1" name="1" style="c150_h100" originx="0" originy="0" rotation="90" />
    <pcbpin number="2" name="2" style="c150_h100" originx="0" originy="-984.25196850392" rotation="90" />
    <pcbpin number="3" name="3" style="c150_h100" originx="1082.6771653543" originy="-984.25196850392" rotation="90" />
    <pcbpin number="4" name="4" style="c150_h100" originx="1082.6771653543" originy="-787.40157480314" rotation="90" />
    <pcbpin number="5" name="5" style="c150_h100" originx="1082.6771653543" originy="-196.85039370078" rotation="90" />
    <pcbpin number="6" name="6" style="c150_h100" originx="1082.6771653543" originy="0" rotation="90" />
    <line layer="TOP_ASSEMBLY" originx="-305.11811023622" originy="-1496.062992126" endx="1387.7952755905" endy="-1496.062992126" width="3.9370078740157" />
    <line layer="TOP_ASSEMBLY" originx="1387.7952755905" originy="-1496.062992126" endx="1387.7952755905" endy="511.81102362204" width="3.9370078740157" />
    <line layer="TOP_ASSEMBLY" originx="1387.7952755905" originy="511.81102362204" endx="-305.11811023622" endy="511.81102362204" width="3.9370078740157" />
    <line layer="TOP_ASSEMBLY" originx="-305.11811023622" originy="511.81102362204" endx="-305.11811023622" endy="-1496.062992126" width="3.9370078740157" />
    <line layer="TOP_SILKSCREEN" originx="-305.11811023622" originy="511.81102362204" endx="1387.7952755905" endy="511.81102362204" width="7.8740157480314" />
    <line layer="TOP_SILKSCREEN" originx="1387.7952755905" originy="511.81102362204" endx="1387.7952755905" endy="-1496.062992126" width="7.8740157480314" />
    <line layer="TOP_SILKSCREEN" originx="1387.7952755905" originy="-1496.062992126" endx="-305.11811023622" endy="-1496.062992126" width="7.8740157480314" />
    <line layer="TOP_SILKSCREEN" originx="-305.11811023622" originy="-1496.062992126" endx="-305.11811023622" endy="511.81102362204" width="7.8740157480314" />
    <line layer="TOP_PLACE_BOUND" originx="-344.48818897637" originy="551.1811023622" endx="1427.1653543307" endy="551.1811023622" width="3.9370078740157" />
    <line layer="TOP_PLACE_BOUND" originx="1427.1653543307" originy="551.1811023622" endx="1427.1653543307" endy="-1535.4330708661" width="3.9370078740157" />
    <line layer="TOP_PLACE_BOUND" originx="1427.1653543307" originy="-1535.4330708661" endx="-344.48818897637" endy="-1535.4330708661" width="3.9370078740157" />
    <line layer="TOP_PLACE_BOUND" originx="-344.48818897637" originy="-1535.4330708661" endx="-344.48818897637" endy="551.1811023622" width="3.9370078740157" />
    <line layer="TOP_SILKSCREEN" originx="-330.70866141732" originy="0" endx="-330.70866141732" endy="0" width="7.8740157480314" />
    <arc layer="TOP_SILKSCREEN" originx="-332.67716535433" originy="0" startangle="180.0" sweepangle="180.0" radius="-1.9685039370079" width="7.8740157480314" />
    <line layer="TOP_SILKSCREEN" originx="-326.7716535433" originy="0" endx="-326.7716535433" endy="0" width="7.8740157480314" />
    <arc layer="TOP_SILKSCREEN" originx="-332.67716535433" originy="0" startangle="-.0" sweepangle="180.0" radius="-1.9685039370079" width="7.8740157480314" />
    <line layer="TOP_SILKSCREEN" originx="-330.70866141732" originy="0" endx="-330.70866141732" endy="0" width="7.8740157480314" />
    <arc layer="TOP_SILKSCREEN" originx="-332.67716535433" originy="0" startangle="180.0" sweepangle="180.0" radius="-1.9685039370079" width="7.8740157480314" />
  </footprint>
  <symbol name="VC_10_1_18" originx="0" originy="0">
    <line originx="200" originy="100" endx="1000" endy="100" width="0" />
    <line originx="1000" originy="-400" endx="1000" endy="100" width="0" />
    <line originx="1000" originy="-400" endx="200" endy="-400" width="0" />
    <line originx="200" originy="100" endx="200" endy="-400" width="0" />
    <sympin number="1" originx="200" originy="0" rotation="180" length="100" width="7.8740157480315" flipped="False">
      <text name="pinname" originx="230" originy="0" style="Default" rotation="0" justify="left" flipped="False" hidden="False" data="PRI_1" />
      <text name="pindes" originx="140" originy="20" style="Default" rotation="0" justify="lowerright" flipped="False" hidden="False" data="1" />
    </sympin>
    <sympin number="2" originx="200" originy="-100" rotation="180" length="100" width="7.8740157480315" flipped="False">
      <text name="pinname" originx="230" originy="-100" style="Default" rotation="0" justify="left" flipped="False" hidden="False" data="PRI_2" />
      <text name="pindes" originx="140" originy="-80" style="Default" rotation="0" justify="lowerright" flipped="False" hidden="False" data="2" />
    </sympin>
    <sympin number="3" originx="1000" originy="-300" rotation="0" length="100" width="7.8740157480315" flipped="False">
      <text name="pinname" originx="970" originy="-300" style="Default" rotation="0" justify="right" flipped="False" hidden="False" data="SEC_1" />
      <text name="pindes" originx="1060" originy="-280" style="Default" rotation="0" justify="lowerleft" flipped="False" hidden="False" data="3" />
    </sympin>
    <sympin number="4" originx="1000" originy="-200" rotation="0" length="100" width="7.8740157480315" flipped="False">
      <text name="pinname" originx="970" originy="-200" style="Default" rotation="0" justify="right" flipped="False" hidden="False" data="SEC_2" />
      <text name="pindes" originx="1060" originy="-180" style="Default" rotation="0" justify="lowerleft" flipped="False" hidden="False" data="4" />
    </sympin>
    <sympin number="5" originx="1000" originy="-100" rotation="0" length="100" width="7.8740157480315" flipped="False">
      <text name="pinname" originx="970" originy="-100" style="Default" rotation="0" justify="right" flipped="False" hidden="False" data="SEC_3" />
      <text name="pindes" originx="1060" originy="-80" style="Default" rotation="0" justify="lowerleft" flipped="False" hidden="False" data="5" />
    </sympin>
    <sympin number="6" originx="1000" originy="0" rotation="0" length="100" width="7.8740157480315" flipped="False">
      <text name="pinname" originx="970" originy="0" style="Default" rotation="0" justify="right" flipped="False" hidden="False" data="SEC_4" />
      <text name="pindes" originx="1060" originy="20" style="Default" rotation="0" justify="lowerleft" flipped="False" hidden="False" data="6" />
    </sympin>
  </symbol>
  <component name="VC_10_1_18" designatorprefix="T" height="1362.2047244094" footprint="VC10118">
    <comppin designator="1" sympin="1" pinswap="0" gateswap="0" gate="1" group="1" side="" type="Any" name="PRI_1" />
    <comppin designator="2" sympin="2" pinswap="0" gateswap="0" gate="1" group="1" side="" type="Any" name="PRI_2" />
    <comppin designator="3" sympin="3" pinswap="0" gateswap="0" gate="1" group="1" side="" type="Any" name="SEC_1" />
    <comppin designator="4" sympin="4" pinswap="0" gateswap="0" gate="1" group="1" side="" type="Any" name="SEC_2" />
    <comppin designator="5" sympin="5" pinswap="0" gateswap="0" gate="1" group="1" side="" type="Any" name="SEC_3" />
    <comppin designator="6" sympin="6" pinswap="0" gateswap="0" gate="1" group="1" side="" type="Any" name="SEC_4" />
    <attached_symbol gate="1" name="VC_10_1_18" />
    <pinmap designator="1" footprintpin="1" />
    <pinmap designator="2" footprintpin="2" />
    <pinmap designator="3" footprintpin="3" />
    <pinmap designator="4" footprintpin="4" />
    <pinmap designator="5" footprintpin="5" />
    <pinmap designator="6" footprintpin="6" />
    <text name="Datasheet" originx="0" originy="0" style="Default" rotation="0" justify="" flipped="False" hidden="True" data="https://componentsearchengine.com/Datasheets/2/VC 10_1_18.pdf" />
    <text name="Description" originx="0" originy="0" style="Default" rotation="0" justify="" flipped="False" hidden="True" data="18V ac 1 Output Through Hole PCB Transformer, 10VA" />
    <text name="Manufacturer_Name" originx="0" originy="0" style="Default" rotation="0" justify="" flipped="False" hidden="True" data="BLOCK" />
    <text name="Manufacturer_Part_Number" originx="1050" originy="200" style="Default" rotation="0" justify="left" flipped="False" hidden="False" data="VC 10/1/18" />
    <text name="Mouser Part Number" originx="0" originy="0" style="Default" rotation="0" justify="" flipped="False" hidden="True" data="" />
    <text name="Mouser Price/Stock" originx="0" originy="0" style="Default" rotation="0" justify="" flipped="False" hidden="True" data="" />
    <text name="Arrow Part Number" originx="0" originy="0" style="Default" rotation="0" justify="" flipped="False" hidden="True" data="" />
    <text name="Arrow Price/Stock" originx="0" originy="0" style="Default" rotation="0" justify="" flipped="False" hidden="True" data="" />
  </component>
</quadcept_library>
