<?xml version="1.0" encoding="utf-8"?>
<!--/2409044/522594/2.49/6/4/Relay or Contactor/-->
<quadcept_library>
  <setting unit="mil" />
  <textstyle name="Default" height="47.244094488189" strokewidth="7.8740157480315" charwidth="47.244094488189" />
  <textstyle name="Dimension" height="19.6850393700787" strokewidth="0" charwidth="19.6850393700787" />
  <textstyle name="H127W0635TH00762" height="50" strokewidth="3" charwidth="25" />
  <textstyle name="H15W15TH02" height="59.0551181102362" strokewidth="7.8740157480315" charwidth="59.0551181102362" />
  <padstyle name="c280_h200" surface="False" plated="True" isvia="False" nopaste="True" nomask="True" complex="False" holesize="78.740157480314">
    <padshape layer="TOP" shape="round" width="110.23622047244" height="110.23622047244" />
    <padshape layer="TOP_SOLDER_MASK" shape="round" width="118.11023622047" height="118.11023622047" />
    <padshape layer="INNER" shape="round" width="110.23622047244" height="110.23622047244" />
    <padshape layer="BOTTOM" shape="round" width="110.23622047244" height="110.23622047244" />
    <padshape layer="BOTTOM_SOLDER_MASK" shape="round" width="118.11023622047" height="118.11023622047" />
  </padstyle>
  <padstyle name="c150_h100" surface="False" plated="True" isvia="False" nopaste="True" nomask="True" complex="False" holesize="39.370078740157">
    <padshape layer="TOP" shape="round" width="59.055118110235" height="59.055118110235" />
    <padshape layer="TOP_SOLDER_MASK" shape="round" width="66.929133858267" height="66.929133858267" />
    <padshape layer="INNER" shape="round" width="59.055118110235" height="59.055118110235" />
    <padshape layer="BOTTOM" shape="round" width="59.055118110235" height="59.055118110235" />
    <padshape layer="BOTTOM_SOLDER_MASK" shape="round" width="66.929133858267" height="66.929133858267" />
  </padstyle>
  <footprint name="SLA12VDCSLC" originx="0" originy="0" pickpointx="0" pickpointy="0">
    <pcbpin number="1" name="1" style="c280_h200" originx="0" originy="0" rotation="90" />
    <pcbpin number="2" name="2" style="c150_h100" originx="200.7874015748" originy="98.425196850392" rotation="90" />
    <pcbpin number="3" name="3" style="c280_h200" originx="350.3937007874" originy="696.85039370078" rotation="90" />
    <pcbpin number="4" name="4" style="c280_h200" originx="350.3937007874" originy="996.06299212597" rotation="90" />
    <pcbpin number="5" name="5" style="c280_h200" originx="-350.3937007874" originy="598.42519685039" rotation="90" />
    <pcbpin number="6" name="6" style="c150_h100" originx="-200.7874015748" originy="98.425196850392" rotation="90" />
    <line layer="TOP_ASSEMBLY" originx="-543.30708661417" originy="1102.3622047244" endx="543.30708661417" endy="1102.3622047244" width="7.8740157480314" />
    <line layer="TOP_ASSEMBLY" originx="543.30708661417" originy="1102.3622047244" endx="543.30708661417" endy="-157.48031496063" width="7.8740157480314" />
    <line layer="TOP_ASSEMBLY" originx="543.30708661417" originy="-157.48031496063" endx="-543.30708661417" endy="-157.48031496063" width="7.8740157480314" />
    <line layer="TOP_ASSEMBLY" originx="-543.30708661417" originy="-157.48031496063" endx="-543.30708661417" endy="1102.3622047244" width="7.8740157480314" />
    <line layer="TOP_SILKSCREEN" originx="-543.30708661417" originy="1102.3622047244" endx="543.30708661417" endy="1102.3622047244" width="3.9370078740157" />
    <line layer="TOP_SILKSCREEN" originx="543.30708661417" originy="1102.3622047244" endx="543.30708661417" endy="-157.48031496063" width="3.9370078740157" />
    <line layer="TOP_SILKSCREEN" originx="543.30708661417" originy="-157.48031496063" endx="-543.30708661417" endy="-157.48031496063" width="3.9370078740157" />
    <line layer="TOP_SILKSCREEN" originx="-543.30708661417" originy="-157.48031496063" endx="-543.30708661417" endy="1102.3622047244" width="3.9370078740157" />
    <line layer="TOP_PLACE_BOUND" originx="-582.67716535432" originy="1141.7322834646" endx="582.67716535432" endy="1141.7322834646" width="3.9370078740157" />
    <line layer="TOP_PLACE_BOUND" originx="582.67716535432" originy="1141.7322834646" endx="582.67716535432" endy="-196.85039370078" width="3.9370078740157" />
    <line layer="TOP_PLACE_BOUND" originx="582.67716535432" originy="-196.85039370078" endx="-582.67716535432" endy="-196.85039370078" width="3.9370078740157" />
    <line layer="TOP_PLACE_BOUND" originx="-582.67716535432" originy="-196.85039370078" endx="-582.67716535432" endy="1141.7322834646" width="3.9370078740157" />
  </footprint>
  <symbol name="SLA-12VDC-SL-C" originx="0" originy="0">
    <line originx="200" originy="100" endx="1100" endy="100" width="0" />
    <line originx="1100" originy="-300" endx="1100" endy="100" width="0" />
    <line originx="1100" originy="-300" endx="200" endy="-300" width="0" />
    <line originx="200" originy="100" endx="200" endy="-300" width="0" />
    <sympin number="1" originx="200" originy="0" rotation="180" length="100" width="7.8740157480315" flipped="False">
      <text name="pinname" originx="230" originy="0" style="Default" rotation="0" justify="left" flipped="False" hidden="False" data="COM_1" />
      <text name="pindes" originx="140" originy="20" style="Default" rotation="0" justify="lowerright" flipped="False" hidden="False" data="1" />
    </sympin>
    <sympin number="2" originx="200" originy="-100" rotation="180" length="100" width="7.8740157480315" flipped="False">
      <text name="pinname" originx="230" originy="-100" style="Default" rotation="0" justify="left" flipped="False" hidden="False" data="COIL_1" />
      <text name="pindes" originx="140" originy="-80" style="Default" rotation="0" justify="lowerright" flipped="False" hidden="False" data="2" />
    </sympin>
    <sympin number="3" originx="200" originy="-200" rotation="180" length="100" width="7.8740157480315" flipped="False">
      <text name="pinname" originx="230" originy="-200" style="Default" rotation="0" justify="left" flipped="False" hidden="False" data="NO" />
      <text name="pindes" originx="140" originy="-180" style="Default" rotation="0" justify="lowerright" flipped="False" hidden="False" data="3" />
    </sympin>
    <sympin number="4" originx="1100" originy="0" rotation="0" length="100" width="7.8740157480315" flipped="False">
      <text name="pinname" originx="1070" originy="0" style="Default" rotation="0" justify="right" flipped="False" hidden="False" data="NC" />
      <text name="pindes" originx="1160" originy="20" style="Default" rotation="0" justify="lowerleft" flipped="False" hidden="False" data="4" />
    </sympin>
    <sympin number="5" originx="1100" originy="-100" rotation="0" length="100" width="7.8740157480315" flipped="False">
      <text name="pinname" originx="1070" originy="-100" style="Default" rotation="0" justify="right" flipped="False" hidden="False" data="COM_2" />
      <text name="pindes" originx="1160" originy="-80" style="Default" rotation="0" justify="lowerleft" flipped="False" hidden="False" data="5" />
    </sympin>
    <sympin number="6" originx="1100" originy="-200" rotation="0" length="100" width="7.8740157480315" flipped="False">
      <text name="pinname" originx="1070" originy="-200" style="Default" rotation="0" justify="right" flipped="False" hidden="False" data="COIL_2" />
      <text name="pindes" originx="1160" originy="-180" style="Default" rotation="0" justify="lowerleft" flipped="False" hidden="False" data="6" />
    </sympin>
  </symbol>
  <component name="SLA-12VDC-SL-C" designatorprefix="K" height="803.1496062992" footprint="SLA12VDCSLC">
    <comppin designator="1" sympin="1" pinswap="0" gateswap="0" gate="1" group="1" side="" type="Any" name="COM_1" />
    <comppin designator="2" sympin="2" pinswap="0" gateswap="0" gate="1" group="1" side="" type="Any" name="COIL_1" />
    <comppin designator="3" sympin="3" pinswap="0" gateswap="0" gate="1" group="1" side="" type="Any" name="NO" />
    <comppin designator="4" sympin="4" pinswap="0" gateswap="0" gate="1" group="1" side="" type="Any" name="NC" />
    <comppin designator="5" sympin="5" pinswap="0" gateswap="0" gate="1" group="1" side="" type="Any" name="COM_2" />
    <comppin designator="6" sympin="6" pinswap="0" gateswap="0" gate="1" group="1" side="" type="Any" name="COIL_2" />
    <attached_symbol gate="1" name="SLA-12VDC-SL-C" />
    <pinmap designator="1" footprintpin="1" />
    <pinmap designator="2" footprintpin="2" />
    <pinmap designator="3" footprintpin="3" />
    <pinmap designator="4" footprintpin="4" />
    <pinmap designator="5" footprintpin="5" />
    <pinmap designator="6" footprintpin="6" />
    <text name="Datasheet" originx="0" originy="0" style="Default" rotation="0" justify="" flipped="False" hidden="True" data="https://datasheet.lcsc.com/szlcsc/Ningbo-Songle-Relay-SLA-12VDC-SL-C_C125736.pdf" />
    <text name="Description" originx="0" originy="0" style="Default" rotation="0" justify="" flipped="False" hidden="True" data="Relays General Purpose Non Latching 12VDC SPDT 30A (250VAC) Max Plugin RoHS" />
    <text name="Manufacturer_Name" originx="0" originy="0" style="Default" rotation="0" justify="" flipped="False" hidden="True" data="Songle Relay" />
    <text name="Manufacturer_Part_Number" originx="1150" originy="200" style="Default" rotation="0" justify="left" flipped="False" hidden="False" data="SLA-12VDC-SL-C" />
    <text name="Mouser Part Number" originx="0" originy="0" style="Default" rotation="0" justify="" flipped="False" hidden="True" data="" />
    <text name="Mouser Price/Stock" originx="0" originy="0" style="Default" rotation="0" justify="" flipped="False" hidden="True" data="" />
    <text name="Arrow Part Number" originx="0" originy="0" style="Default" rotation="0" justify="" flipped="False" hidden="True" data="" />
    <text name="Arrow Price/Stock" originx="0" originy="0" style="Default" rotation="0" justify="" flipped="False" hidden="True" data="" />
  </component>
</quadcept_library>
