<?xml version="1.0" encoding="utf-8"?>
<!--/237460/522594/2.49/3/4/Transformer/-->
<quadcept_library>
  <setting unit="mil" />
  <textstyle name="Default" height="47.244094488189" strokewidth="7.8740157480315" charwidth="47.244094488189" />
  <textstyle name="Dimension" height="19.6850393700787" strokewidth="0" charwidth="19.6850393700787" />
  <textstyle name="H127W0635TH00762" height="50" strokewidth="3" charwidth="25" />
  <textstyle name="H15W15TH02" height="59.0551181102362" strokewidth="7.8740157480315" charwidth="59.0551181102362" />
  <padstyle name="c151.9_h101.3" surface="False" plated="True" isvia="False" nopaste="True" nomask="True" complex="False" holesize="39.881889763779">
    <padshape layer="TOP" shape="round" width="59.803149606298" height="59.803149606298" />
    <padshape layer="TOP_SOLDER_MASK" shape="round" width="67.67716535433" height="67.67716535433" />
    <padshape layer="INNER" shape="round" width="59.803149606298" height="59.803149606298" />
    <padshape layer="BOTTOM" shape="round" width="59.803149606298" height="59.803149606298" />
    <padshape layer="BOTTOM_SOLDER_MASK" shape="round" width="67.67716535433" height="67.67716535433" />
  </padstyle>
  <footprint name="AC1015" originx="0" originy="0" pickpointx="0" pickpointy="0">
    <pcbpin number="1" name="1" style="c151.9_h101.3" originx="-300" originy="150" rotation="90" />
    <pcbpin number="2" name="2" style="c151.9_h101.3" originx="300" originy="150" rotation="90" />
    <pcbpin number="3" name="3" style="c151.9_h101.3" originx="0" originy="-150" rotation="90" />
    <line layer="TOP_ASSEMBLY" originx="-468.50393700787" originy="218.89763779527" endx="468.50393700787" endy="218.89763779527" width="7.8740157480314" />
    <line layer="TOP_ASSEMBLY" originx="468.50393700787" originy="218.89763779527" endx="468.50393700787" endy="-218.89763779527" width="7.8740157480314" />
    <line layer="TOP_ASSEMBLY" originx="468.50393700787" originy="-218.89763779527" endx="-468.50393700787" endy="-218.89763779527" width="7.8740157480314" />
    <line layer="TOP_ASSEMBLY" originx="-468.50393700787" originy="-218.89763779527" endx="-468.50393700787" endy="218.89763779527" width="7.8740157480314" />
    <line layer="TOP_SILKSCREEN" originx="-468.50393700787" originy="218.89763779527" endx="468.50393700787" endy="218.89763779527" width="3.9370078740157" />
    <line layer="TOP_SILKSCREEN" originx="468.50393700787" originy="218.89763779527" endx="468.50393700787" endy="-218.89763779527" width="3.9370078740157" />
    <line layer="TOP_SILKSCREEN" originx="468.50393700787" originy="-218.89763779527" endx="-468.50393700787" endy="-218.89763779527" width="3.9370078740157" />
    <line layer="TOP_SILKSCREEN" originx="-468.50393700787" originy="-218.89763779527" endx="-468.50393700787" endy="218.89763779527" width="3.9370078740157" />
    <line layer="TOP_PLACE_BOUND" originx="-507.87401574803" originy="279.52755905511" endx="507.87401574803" endy="279.52755905511" width="3.9370078740157" />
    <line layer="TOP_PLACE_BOUND" originx="507.87401574803" originy="279.52755905511" endx="507.87401574803" endy="-258.26771653543" width="3.9370078740157" />
    <line layer="TOP_PLACE_BOUND" originx="507.87401574803" originy="-258.26771653543" endx="-507.87401574803" endy="-258.26771653543" width="3.9370078740157" />
    <line layer="TOP_PLACE_BOUND" originx="-507.87401574803" originy="-258.26771653543" endx="-507.87401574803" endy="279.52755905511" width="3.9370078740157" />
    <line layer="TOP_SILKSCREEN" originx="-303.14960629921" originy="236.22047244094" endx="-303.14960629921" endy="236.22047244094" width="7.8740157480314" />
    <arc layer="TOP_SILKSCREEN" originx="-299.21259842519" originy="236.22047244094" startangle="180.0" sweepangle="-180.0" radius="3.9370078740157" width="7.8740157480314" />
    <line layer="TOP_SILKSCREEN" originx="-295.27559055118" originy="236.22047244094" endx="-295.27559055118" endy="236.22047244094" width="7.8740157480314" />
    <arc layer="TOP_SILKSCREEN" originx="-299.21259842519" originy="236.22047244094" startangle=".0" sweepangle="-180.0" radius="3.9370078740157" width="7.8740157480314" />
  </footprint>
  <symbol name="AC-1020" originx="0" originy="0">
    <line originx="200" originy="100" endx="600" endy="100" width="0" />
    <line originx="600" originy="-200" endx="600" endy="100" width="0" />
    <line originx="600" originy="-200" endx="200" endy="-200" width="0" />
    <line originx="200" originy="100" endx="200" endy="-200" width="0" />
    <sympin number="1" originx="600" originy="0" rotation="0" length="100" width="7.8740157480315" flipped="False">
      <text name="pinname" originx="570" originy="0" style="Default" rotation="0" justify="right" flipped="False" hidden="False" data="1" />
      <text name="pindes" originx="660" originy="20" style="Default" rotation="0" justify="lowerleft" flipped="False" hidden="False" data="1" />
    </sympin>
    <sympin number="2" originx="600" originy="-100" rotation="0" length="100" width="7.8740157480315" flipped="False">
      <text name="pinname" originx="570" originy="-100" style="Default" rotation="0" justify="right" flipped="False" hidden="False" data="2" />
      <text name="pindes" originx="660" originy="-80" style="Default" rotation="0" justify="lowerleft" flipped="False" hidden="False" data="2" />
    </sympin>
    <sympin number="3" originx="200" originy="0" rotation="180" length="100" width="7.8740157480315" flipped="False">
      <text name="pinname" originx="230" originy="0" style="Default" rotation="0" justify="left" flipped="False" hidden="False" data="3" />
      <text name="pindes" originx="140" originy="20" style="Default" rotation="0" justify="lowerright" flipped="False" hidden="False" data="3" />
    </sympin>
  </symbol>
  <component name="AC-1020" designatorprefix="T" height="905.51181102361" footprint="AC1015">
    <comppin designator="1" sympin="1" pinswap="0" gateswap="0" gate="1" group="1" side="" type="Any" name="1" />
    <comppin designator="2" sympin="2" pinswap="0" gateswap="0" gate="1" group="1" side="" type="Any" name="2" />
    <comppin designator="3" sympin="3" pinswap="0" gateswap="0" gate="1" group="1" side="" type="Any" name="3" />
    <attached_symbol gate="1" name="AC-1020" />
    <pinmap designator="1" footprintpin="1" />
    <pinmap designator="2" footprintpin="2" />
    <pinmap designator="3" footprintpin="3" />
    <text name="Datasheet" originx="0" originy="0" style="Default" rotation="0" justify="" flipped="False" hidden="True" data="http://docs-asia.electrocomponents.com/webdocs/0776/0900766b807760fc.pdf" />
    <text name="Description" originx="0" originy="0" style="Default" rotation="0" justify="" flipped="False" hidden="True" data="PCB Mount Current Transformer" />
    <text name="Manufacturer_Name" originx="0" originy="0" style="Default" rotation="0" justify="" flipped="False" hidden="True" data="Nuvotem Talema" />
    <text name="Manufacturer_Part_Number" originx="650" originy="200" style="Default" rotation="0" justify="left" flipped="False" hidden="False" data="AC-1020" />
    <text name="Mouser Part Number" originx="0" originy="0" style="Default" rotation="0" justify="" flipped="False" hidden="True" data="" />
    <text name="Mouser Price/Stock" originx="0" originy="0" style="Default" rotation="0" justify="" flipped="False" hidden="True" data="" />
    <text name="Arrow Part Number" originx="0" originy="0" style="Default" rotation="0" justify="" flipped="False" hidden="True" data="" />
    <text name="Arrow Price/Stock" originx="0" originy="0" style="Default" rotation="0" justify="" flipped="False" hidden="True" data="" />
  </component>
</quadcept_library>
